نماد,
ثاباد,ABAD1
دعبيد,ABDI1
والبر,ALBZ1
فايرا,ALIR1
كلوند,ALVN1
دامين,AMIN1
شاملا,AMLH1
آپ,APPE1
كسرا,ARDK1
لابسا,ASAL1
آسيا,ASIA1
واتي,ATDM1
خاهن,ATIR1
پرديس,AYEG1
فاذر,AZAB1
خاذين,AZIN1
خاذينح,AZIX1
فباهنر,BAHN1
البرز,BALB1
وبوعلي,BALI1
كاما,BAMA1
وبانك,BANK1
پكرمان,BARZ1
دانا,BDAN1
غبهنوش,BENN1
بفجر,BFJR1
خبهمن,BHMN1
وبيمه,BIME1
وبيمهح,BIMX1
وخاور,BKHZ1
ملت,BMEL1
وبملت,BMLT1
شپارس,BMPS1
لبوتان,BOTA1
وپارس,BPAR1
وپاسار,BPAS1
وپست,BPST1
بركت,BRKT1
نبروج,BROJ1
وبصادر,BSDR1
ثاخت,BSTE1
وتجارت,BTEJ1
ما,BVMA1
خچرخش,CHAR1
غچين,CHCH1
چدن,CHDN1
كچاد,CHML1
سيدكو,CIDC1
تكمبا,COMB1
دابور,DABO1
مداران,DADE1
دالبر,DALZ1
ددام,DAML1
وپخش,DARO1
دشيمي,DDPK1
دفارا,DFRB1
دجابر,DJBR1
دكوثر,DKSR1
دلقما,DLGM1
غدشت,DMOR1
كدما,DMVN1
شدوص,DODE1
داسوه,DOSE1
دارو,DPAK1
پدرخش,DRKH1
درازك,DRZK1
دسبحان,DSBH1
دسينا,DSIN1
دسبحا,DSOB1
تيپيكو,DTIP1
دزهراوي,DZAH1
رتاپ,EPRS1
دلر,EXIR1
فولاژ,FAIR1
فولاژح,FAIX1
فجر,FAJR1
فخاس,FKAS1
فخوز,FKHZ1
خزر,FNAR1
فولاد,FOLD1
فروس,FRIS1
فرآور,FRVR1
دفرا,FTIR1
وصنا,GBEH1
قشير,GBJN1
غگل,GCOZ1
وغدير,GDIR1
قصفها,GESF1
قزوين,GGAZ1
ختوقا,GHAT1
قهكمت,GHEG1
قشهد,GHND1
قلرست,GLOR1
وملي,GMEL1
قمرو,GMRO1
قنيشا,GNBO1
كگل,GOLG1
غگرجي,GORJ1
غگرجيح,GORX1
خگستر,GOST1
قپيرا,GPSH1
حفارس,HFRS1
حپترو,HJPT1
همراه,HMRZ1
حفاري,HSHM1
حتوكا,HTOK1
هاي وب,HWEB1
مرقام,IAGM1
واعتبار,IDOC1
خودرو,IKCO1
وخارزم,IKHR1
رانفور,INFO1
پارسيان,IPAR1
پترول,IPTR1
ديران,IRDR1
فجام,JAMD1
بجهرم,JHRM1
بكاب,JOSH1
جم پيلن,JPPC1
كالا,KALA1
بالبر,KALZ1
كخاك,KCHI1
غدام,KDPS1
خفنر,KFAN1
بكام,KGND1
سخوز,KHOC1
خشرق,KHSH1
دكيمي,KIMI1
غالبر,KLBR1
كنور,KNRZ1
وكار,KRAF1
خكار,KRIR1
خراسان,KRSN1
چكارن,KRTI1
فاسمين,KSIM1
چكاوه,KSKA1
كاوه,KVEH1
كاوهح,KVEX1
پكوير,KVRZ1
فلامي,LAMI1
بشهاب,LAPS1
شلعاب,LEAB1
خلنت,LENT1
وايران,LIRZ1
ولغدر,LKGH1
فلوله,LMIR1
غپاك,LPAK1
ولصنم,LSMD1
لوتوس,LTOS1
لوتوسح,LTOX1
وليز,LZIN1
ومعادن,MADN1
زمگسا,MAGS1
رمپنا,MAPN1
فاراك,MARK1
خوساز,MESI1
خمهر,MHKM1
كمنگنز,MNGZ1
تمحركه,MNMH1
خنصير,MNSR1
مبين,MOBN1
بموتو,MOTJ1
غمهرا,MRAM1
غمارگ,MRGN1
نمرينو,MRIN1
ثمسكن,MSKN1
فملي,MSMI1
خموتور,MSTI1
ونفت,NAFT1
فنوال,NALM1
كفرا,NASI1
شبهرن,NBEH1
فنورد,NGFO1
ونيكي,NIKI1
بنيرو,NIRO1
شكلر,NKOL1
خمحركه,NMOH1
ونوين,NOVN1
شنفت,NPRS1
كاذر,NSAZ1
ثنوسا,NSTH1
افق,OFOG1
ثفارس,OFRS1
چافست,OFST1
واميد,OIMC1
اميد,OMID1
شپتروح,PABX1
شپاكسا,PAKS1
شاراك,PARK1
پارس,PARS1
پاكشو,PASH1
پارسان,PASN1
دپارس,PDRO1
لپارس,PELC1
وپترو,PETR1
شفن,PFAN1
غاذر,PIAZ1
تپمپي,PIRN1
جم,PJMZ1
كرماشا,PKER1
شخارك,PKHA1
فارس,PKLJ1
خپارس,PKOD1
پلاسك,PLKK1
ثشرق,PMSZ1
شبندر,PNBA1
شپنا,PNES1
شبريز,PNTB1
شپديس,PRDZ1
پرداخت,PRKT1
كسرام,PSER1
شيراز,PSHZ1
كپشير,PSIR1
تاپيكو,PTAP1
شتران,PTEH1
ورنا,RENA1
خريخت,RIIR1
خريختح,RIIX1
خرينگ,RINM1
ركيش,RKSH1
كروي,ROOI1
دروز,ROZD1
ولساپا,RSAP1
ختراك,RTIR1
ساربيل,SADB1
تاصيكو,SADR1
ثشاهد,SAHD1
وساخت,SAKH1
فاما,SAMA1
وصندوق,SAND1
وبهمن,SBAH1
غبشهر,SBEH1
سبهان,SBHN1
سبجنو,SBOJ1
ساراب,SDAB1
سدور,SDOR1
سدشت,SDST1
فسپا,SEPA1
سپ,SEPK1
شسپا,SEPP1
سفارس,SFKZ1
سفانو,SFNO1
سفار,SFRS1
كگاز,SGAZ1
سقاين,SGEN1
ثامان,SGOS1
سغرب,SGRB1
غشهد,SHAD1
شفا,SHFA1
شفارس,SHFS1
سهگمت,SHGN1
قشكر,SHKR1
كهمدا,SHMD1
پسهند,SHND1
شوينده,SHOY1
غشاذر,SHPZ1
شسينا,SHSI1
سهرمز,SHZG1
سشمال,SIMS1
سشمالح,SIMX1
كساوه,SINA1
سخزر,SKAZ1
وسكاب,SKBV1
سكرما,SKER1
سخاش,SKHS1
سكرد,SKOR1
غسالم,SLMN1
سمازن,SMAZ1
سيمرغ,SMRG1
سيمرغ,SMRG1
وصنعت,SNMA1
ونيرو,SNRO1
فسرب,SORB1
وسپه,SPAH1
غشان,SPKH1
غشصفا,SPPE1
فپنتا,SPTA1
سرود,SROD1
وساپا,SSAP1
سشرق,SSHR1
شيران,SSIN1
سنير,SSNR1
سصوفي,SSOF1
ستران,STEH1
ساروم,SURO1
بسويچ,SWIC1
سيستم,SYSM1
خپويش,SZPO1
پتاير,TAIR1
كماسه,TAMI1
حتايد,TAYD1
وآذر,TAZB1
كطبس,TBAS1
وتوس,TGOS1
رتكو,TKIN1
تكنو,TKNO1
كترام,TKSM1
وتوسم,TMEL1
خمحور,TMKH1
دتماد,TMVD1
تنوين,TNOV1
وتوكا,TOKA1
وتوصا,TOSA1
تايرا,TRIR1
تايراح,TRIX1
بترانس,TRNS1
وبشهر,TSBE1
وتوشه,TSHE1
كرازي,TSRZ1
ولملت,VLMT1
وسينا,VSIN1
پاسا,YASA1
پاساح,YASX1
خزاميا,ZMYD1
زپارس,ZPRS1
